<?xml version="1.0" encoding="ISO-8859-1" ?>
<link_info>
   <banner>TI ARM Clang Linker PC v4.0.0.LTS</banner>
   <copyright>Copyright (c) 1996-2018 Texas Instruments Incorporated</copyright>
   <command_line>E:\SoftWare\ti\ccstheia151\ccs\tools\compiler\ti-cgt-armllvm_4.0.0.LTS\bin\tiarmlnk -IE:\SoftWare\ti\ccstheia151\ccs\tools\compiler\ti-cgt-armllvm_4.0.0.LTS\lib -o OLED.out -mOLED.map -iE:/SoftWare/ti/mspm0_sdk_2_02_00_05/source -iC:/Users/leo/workspace_ccstheia/OLED/Debug/syscfg -iE:/SoftWare/ti/ccstheia151/ccs/tools/compiler/ti-cgt-armllvm_4.0.0.LTS/lib --diag_wrap=off --display_error_number --warn_sections --xml_link_info=OLED_linkInfo.xml --rom_model ./empty.o ./syscfg/ti_msp_dl_config.o ./startup_mspm0g350x_ticlang.o ./BSP/delay.o ./BSP/oled.o -lsyscfg/device_linker.cmd -ldevice.cmd.genlibs -llibc.a --start-group -llibc++.a -llibc++abi.a -llibc.a -llibsys.a -llibsysbm.a -llibclang_rt.builtins.a -llibclang_rt.profile.a --end-group --cg_opt_level=2</command_line>
   <link_time>0x676421c2</link_time>
   <link_errors>0x0</link_errors>
   <output_file>C:\Users\leo\workspace_ccstheia\OLED\Debug\OLED.out</output_file>
   <entry_point>
      <name>_c_int00_noargs</name>
      <address>0x1819</address>
   </entry_point>
   <input_file_list>
      <input_file id="fl-1">
         <path>C:\Users\leo\workspace_ccstheia\OLED\Debug\.\</path>
         <kind>object</kind>
         <file>empty.o</file>
         <name>empty.o</name>
      </input_file>
      <input_file id="fl-2">
         <path>C:\Users\leo\workspace_ccstheia\OLED\Debug\.\syscfg\</path>
         <kind>object</kind>
         <file>ti_msp_dl_config.o</file>
         <name>ti_msp_dl_config.o</name>
      </input_file>
      <input_file id="fl-3">
         <path>C:\Users\leo\workspace_ccstheia\OLED\Debug\.\</path>
         <kind>object</kind>
         <file>startup_mspm0g350x_ticlang.o</file>
         <name>startup_mspm0g350x_ticlang.o</name>
      </input_file>
      <input_file id="fl-4">
         <path>C:\Users\leo\workspace_ccstheia\OLED\Debug\.\BSP\</path>
         <kind>object</kind>
         <file>delay.o</file>
         <name>delay.o</name>
      </input_file>
      <input_file id="fl-5">
         <path>C:\Users\leo\workspace_ccstheia\OLED\Debug\.\BSP\</path>
         <kind>object</kind>
         <file>oled.o</file>
         <name>oled.o</name>
      </input_file>
      <input_file id="fl-12">
         <path>C:\Users\leo\workspace_ccstheia\OLED\Debug\</path>
         <kind>object</kind>
         <file>&lt;internal&gt;</file>
         <name>&lt;internal&gt;</name>
      </input_file>
      <input_file id="fl-13">
         <path>E:\SoftWare\ti\mspm0_sdk_2_02_00_05\source\ti\driverlib\lib\ticlang\m0p\mspm0g1x0x_g3x0x\</path>
         <kind>archive</kind>
         <file>driverlib.a</file>
         <name>dl_common.o</name>
      </input_file>
      <input_file id="fl-14">
         <path>E:\SoftWare\ti\mspm0_sdk_2_02_00_05\source\ti\driverlib\lib\ticlang\m0p\mspm0g1x0x_g3x0x\</path>
         <kind>archive</kind>
         <file>driverlib.a</file>
         <name>dl_i2c.o</name>
      </input_file>
      <input_file id="fl-29">
         <path>E:\SoftWare\ti\ccstheia151\ccs\tools\compiler\ti-cgt-armllvm_4.0.0.LTS\lib\armv6m-ti-none-eabi\c\</path>
         <kind>archive</kind>
         <file>libc.a</file>
         <name>boot_cortex_m.c.obj</name>
      </input_file>
      <input_file id="fl-2a">
         <path>E:\SoftWare\ti\ccstheia151\ccs\tools\compiler\ti-cgt-armllvm_4.0.0.LTS\lib\armv6m-ti-none-eabi\c\</path>
         <kind>archive</kind>
         <file>libc.a</file>
         <name>mathacl_init.c.obj</name>
      </input_file>
      <input_file id="fl-2b">
         <path>E:\SoftWare\ti\ccstheia151\ccs\tools\compiler\ti-cgt-armllvm_4.0.0.LTS\lib\armv6m-ti-none-eabi\c\</path>
         <kind>archive</kind>
         <file>libc.a</file>
         <name>autoinit.c.obj</name>
      </input_file>
      <input_file id="fl-2c">
         <path>E:\SoftWare\ti\ccstheia151\ccs\tools\compiler\ti-cgt-armllvm_4.0.0.LTS\lib\armv6m-ti-none-eabi\c\</path>
         <kind>archive</kind>
         <file>libc.a</file>
         <name>pre_init.c.obj</name>
      </input_file>
      <input_file id="fl-2d">
         <path>E:\SoftWare\ti\ccstheia151\ccs\tools\compiler\ti-cgt-armllvm_4.0.0.LTS\lib\armv6m-ti-none-eabi\c\</path>
         <kind>archive</kind>
         <file>libc.a</file>
         <name>cpy_tbl.c.obj</name>
      </input_file>
      <input_file id="fl-2e">
         <path>E:\SoftWare\ti\ccstheia151\ccs\tools\compiler\ti-cgt-armllvm_4.0.0.LTS\lib\armv6m-ti-none-eabi\c\</path>
         <kind>archive</kind>
         <file>libc.a</file>
         <name>copy_zero_init.c.obj</name>
      </input_file>
      <input_file id="fl-2f">
         <path>E:\SoftWare\ti\ccstheia151\ccs\tools\compiler\ti-cgt-armllvm_4.0.0.LTS\lib\armv6m-ti-none-eabi\c\</path>
         <kind>archive</kind>
         <file>libc.a</file>
         <name>copy_decompress_none.c.obj</name>
      </input_file>
      <input_file id="fl-30">
         <path>E:\SoftWare\ti\ccstheia151\ccs\tools\compiler\ti-cgt-armllvm_4.0.0.LTS\lib\armv6m-ti-none-eabi\c\</path>
         <kind>archive</kind>
         <file>libc.a</file>
         <name>copy_decompress_lzss.c.obj</name>
      </input_file>
      <input_file id="fl-31">
         <path>E:\SoftWare\ti\ccstheia151\ccs\tools\compiler\ti-cgt-armllvm_4.0.0.LTS\lib\armv6m-ti-none-eabi\c\</path>
         <kind>archive</kind>
         <file>libc.a</file>
         <name>exit.c.obj</name>
      </input_file>
      <input_file id="fl-32">
         <path>E:\SoftWare\ti\ccstheia151\ccs\tools\compiler\ti-cgt-armllvm_4.0.0.LTS\lib\armv6m-ti-none-eabi\c\</path>
         <kind>archive</kind>
         <file>libc.a</file>
         <name>_lock.c.obj</name>
      </input_file>
      <input_file id="fl-33">
         <path>E:\SoftWare\ti\ccstheia151\ccs\tools\compiler\ti-cgt-armllvm_4.0.0.LTS\lib\armv6m-ti-none-eabi\c\</path>
         <kind>archive</kind>
         <file>libc.a</file>
         <name>args_main.c.obj</name>
      </input_file>
      <input_file id="fl-c9">
         <path>E:\SoftWare\ti\ccstheia151\ccs\tools\compiler\ti-cgt-armllvm_4.0.0.LTS\lib\armv6m-ti-none-eabi\</path>
         <kind>archive</kind>
         <file>libclang_rt.builtins.a</file>
         <name>aeabi_memcpy.S.obj</name>
      </input_file>
      <input_file id="fl-ca">
         <path>E:\SoftWare\ti\ccstheia151\ccs\tools\compiler\ti-cgt-armllvm_4.0.0.LTS\lib\armv6m-ti-none-eabi\</path>
         <kind>archive</kind>
         <file>libclang_rt.builtins.a</file>
         <name>aeabi_memset.S.obj</name>
      </input_file>
      <input_file id="fl-cb">
         <path>E:\SoftWare\ti\ccstheia151\ccs\tools\compiler\ti-cgt-armllvm_4.0.0.LTS\lib\armv6m-ti-none-eabi\c\</path>
         <kind>archive</kind>
         <file>libc.a</file>
         <name>memcpy16.S.obj</name>
      </input_file>
      <input_file id="fl-cc">
         <path>E:\SoftWare\ti\ccstheia151\ccs\tools\compiler\ti-cgt-armllvm_4.0.0.LTS\lib\armv6m-ti-none-eabi\c\</path>
         <kind>archive</kind>
         <file>libc.a</file>
         <name>memset16.S.obj</name>
      </input_file>
   </input_file_list>
   <object_component_list>
      <object_component id="oc-18">
         <name>.intvecs</name>
         <load_address>0x0</load_address>
         <readonly>true</readonly>
         <run_address>0x0</run_address>
         <size>0xc0</size>
         <alignment>0x4</alignment>
         <input_file_ref idref="fl-3"/>
      </object_component>
      <object_component id="oc-89">
         <name>.text.OLED_Init</name>
         <load_address>0xc0</load_address>
         <readonly>true</readonly>
         <executable>true</executable>
         <run_address>0xc0</run_address>
         <size>0xbf8</size>
         <alignment>0x4</alignment>
         <input_file_ref idref="fl-5"/>
      </object_component>
      <object_component id="oc-90">
         <name>.text.OLED_ShowStr</name>
         <load_address>0xcb8</load_address>
         <readonly>true</readonly>
         <executable>true</executable>
         <run_address>0xcb8</run_address>
         <size>0x434</size>
         <alignment>0x4</alignment>
         <input_file_ref idref="fl-5"/>
      </object_component>
      <object_component id="oc-8f">
         <name>.text.OLED_Fill</name>
         <load_address>0x10ec</load_address>
         <readonly>true</readonly>
         <executable>true</executable>
         <run_address>0x10ec</run_address>
         <size>0x25c</size>
         <alignment>0x4</alignment>
         <input_file_ref idref="fl-5"/>
      </object_component>
      <object_component id="oc-c7">
         <name>.text.OLED_SetPos</name>
         <load_address>0x1348</load_address>
         <readonly>true</readonly>
         <executable>true</executable>
         <run_address>0x1348</run_address>
         <size>0x170</size>
         <alignment>0x4</alignment>
         <input_file_ref idref="fl-5"/>
      </object_component>
      <object_component id="oc-7f">
         <name>.text:memcpy</name>
         <load_address>0x14b8</load_address>
         <readonly>true</readonly>
         <executable>true</executable>
         <run_address>0x14b8</run_address>
         <size>0x9a</size>
         <alignment>0x1</alignment>
         <input_file_ref idref="fl-cb"/>
      </object_component>
      <object_component id="oc-33">
         <name>.text.Default_Handler</name>
         <load_address>0x1552</load_address>
         <readonly>true</readonly>
         <executable>true</executable>
         <run_address>0x1552</run_address>
         <size>0x2</size>
         <alignment>0x2</alignment>
         <input_file_ref idref="fl-3"/>
      </object_component>
      <object_component id="oc-1c">
         <name>.text:decompress:lzss</name>
         <load_address>0x1554</load_address>
         <readonly>true</readonly>
         <executable>true</executable>
         <run_address>0x1554</run_address>
         <size>0x7c</size>
         <alignment>0x4</alignment>
         <input_file_ref idref="fl-30"/>
      </object_component>
      <object_component id="oc-6c">
         <name>.text.main</name>
         <load_address>0x15d0</load_address>
         <readonly>true</readonly>
         <executable>true</executable>
         <run_address>0x15d0</run_address>
         <size>0x68</size>
         <alignment>0x4</alignment>
         <input_file_ref idref="fl-1"/>
      </object_component>
      <object_component id="oc-be">
         <name>.text.DL_I2C_fillControllerTXFIFO</name>
         <load_address>0x1638</load_address>
         <readonly>true</readonly>
         <executable>true</executable>
         <run_address>0x1638</run_address>
         <size>0x5e</size>
         <alignment>0x2</alignment>
         <input_file_ref idref="fl-14"/>
      </object_component>
      <object_component id="oc-b9">
         <name>.text.SYSCFG_DL_I2C_0_init</name>
         <load_address>0x1698</load_address>
         <readonly>true</readonly>
         <executable>true</executable>
         <run_address>0x1698</run_address>
         <size>0x54</size>
         <alignment>0x4</alignment>
         <input_file_ref idref="fl-2"/>
      </object_component>
      <object_component id="oc-b7">
         <name>.text.SYSCFG_DL_SYSCTL_init</name>
         <load_address>0x16ec</load_address>
         <readonly>true</readonly>
         <executable>true</executable>
         <run_address>0x16ec</run_address>
         <size>0x40</size>
         <alignment>0x4</alignment>
         <input_file_ref idref="fl-2"/>
      </object_component>
      <object_component id="oc-bd">
         <name>.text.delay_ms</name>
         <load_address>0x172c</load_address>
         <readonly>true</readonly>
         <executable>true</executable>
         <run_address>0x172c</run_address>
         <size>0x40</size>
         <alignment>0x4</alignment>
         <input_file_ref idref="fl-4"/>
      </object_component>
      <object_component id="oc-c4">
         <name>.text.DL_I2C_flushControllerTXFIFO</name>
         <load_address>0x176c</load_address>
         <readonly>true</readonly>
         <executable>true</executable>
         <run_address>0x176c</run_address>
         <size>0x3c</size>
         <alignment>0x4</alignment>
         <input_file_ref idref="fl-14"/>
      </object_component>
      <object_component id="oc-9c">
         <name>.text:__TI_auto_init_nobinit_nopinit</name>
         <load_address>0x17a8</load_address>
         <readonly>true</readonly>
         <executable>true</executable>
         <run_address>0x17a8</run_address>
         <size>0x3c</size>
         <alignment>0x4</alignment>
         <input_file_ref idref="fl-2b"/>
      </object_component>
      <object_component id="oc-b5">
         <name>.text.SYSCFG_DL_initPower</name>
         <load_address>0x17e4</load_address>
         <readonly>true</readonly>
         <executable>true</executable>
         <run_address>0x17e4</run_address>
         <size>0x34</size>
         <alignment>0x4</alignment>
         <input_file_ref idref="fl-2"/>
      </object_component>
      <object_component id="oc-54">
         <name>.text:_c_int00_noargs</name>
         <load_address>0x1818</load_address>
         <readonly>true</readonly>
         <executable>true</executable>
         <run_address>0x1818</run_address>
         <size>0x28</size>
         <alignment>0x4</alignment>
         <input_file_ref idref="fl-29"/>
      </object_component>
      <object_component id="oc-db">
         <name>.text.DL_I2C_setClockConfig</name>
         <load_address>0x1840</load_address>
         <readonly>true</readonly>
         <executable>true</executable>
         <run_address>0x1840</run_address>
         <size>0x26</size>
         <alignment>0x2</alignment>
         <input_file_ref idref="fl-14"/>
      </object_component>
      <object_component id="oc-b6">
         <name>.text.SYSCFG_DL_GPIO_init</name>
         <load_address>0x1868</load_address>
         <readonly>true</readonly>
         <executable>true</executable>
         <run_address>0x1868</run_address>
         <size>0x24</size>
         <alignment>0x4</alignment>
         <input_file_ref idref="fl-2"/>
      </object_component>
      <object_component id="oc-ba">
         <name>.text.SYSCFG_DL_SYSTICK_init</name>
         <load_address>0x188c</load_address>
         <readonly>true</readonly>
         <executable>true</executable>
         <run_address>0x188c</run_address>
         <size>0x1c</size>
         <alignment>0x4</alignment>
         <input_file_ref idref="fl-2"/>
      </object_component>
      <object_component id="oc-84">
         <name>.text.SYSCFG_DL_init</name>
         <load_address>0x18a8</load_address>
         <readonly>true</readonly>
         <executable>true</executable>
         <run_address>0x18a8</run_address>
         <size>0x18</size>
         <alignment>0x2</alignment>
         <input_file_ref idref="fl-2"/>
      </object_component>
      <object_component id="oc-34">
         <name>.text.SysTick_Handler</name>
         <load_address>0x18c0</load_address>
         <readonly>true</readonly>
         <executable>true</executable>
         <run_address>0x18c0</run_address>
         <size>0x14</size>
         <alignment>0x4</alignment>
         <input_file_ref idref="fl-4"/>
      </object_component>
      <object_component id="oc-20">
         <name>.text:decompress:none</name>
         <load_address>0x18d4</load_address>
         <readonly>true</readonly>
         <executable>true</executable>
         <run_address>0x18d4</run_address>
         <size>0x12</size>
         <alignment>0x2</alignment>
         <input_file_ref idref="fl-2f"/>
      </object_component>
      <object_component id="oc-d7">
         <name>.text.DL_Common_delayCycles</name>
         <load_address>0x18e6</load_address>
         <readonly>true</readonly>
         <executable>true</executable>
         <run_address>0x18e6</run_address>
         <size>0xa</size>
         <alignment>0x2</alignment>
         <input_file_ref idref="fl-13"/>
      </object_component>
      <object_component id="oc-44">
         <name>.text.__aeabi_memcpy</name>
         <load_address>0x18f0</load_address>
         <readonly>true</readonly>
         <executable>true</executable>
         <run_address>0x18f0</run_address>
         <size>0x8</size>
         <alignment>0x4</alignment>
         <input_file_ref idref="fl-c9"/>
      </object_component>
      <object_component id="oc-2f">
         <name>.text.Reset_Handler</name>
         <load_address>0x18f8</load_address>
         <readonly>true</readonly>
         <executable>true</executable>
         <run_address>0x18f8</run_address>
         <size>0x4</size>
         <alignment>0x2</alignment>
         <input_file_ref idref="fl-3"/>
      </object_component>
      <object_component id="oc-68">
         <name>.text._system_pre_init</name>
         <load_address>0x18fc</load_address>
         <readonly>true</readonly>
         <executable>true</executable>
         <run_address>0x18fc</run_address>
         <size>0x4</size>
         <alignment>0x2</alignment>
         <input_file_ref idref="fl-2c"/>
      </object_component>
      <object_component id="oc-95">
         <name>.text:abort</name>
         <load_address>0x1900</load_address>
         <readonly>true</readonly>
         <executable>true</executable>
         <run_address>0x1900</run_address>
         <size>0x4</size>
         <alignment>0x2</alignment>
         <input_file_ref idref="fl-31"/>
      </object_component>
      <object_component id="oc-12a">
         <name>__TI_handler_table</name>
         <load_address>0x2140</load_address>
         <readonly>true</readonly>
         <run_address>0x2140</run_address>
         <size>0x8</size>
         <alignment>0x4</alignment>
      </object_component>
      <object_component id="oc-12c">
         <name>.cinit..data.load</name>
         <load_address>0x2148</load_address>
         <readonly>true</readonly>
         <run_address>0x2148</run_address>
         <size>0x7</size>
         <alignment>0x1</alignment>
      </object_component>
      <object_component id="oc-12b">
         <name>__TI_cinit_table</name>
         <load_address>0x2150</load_address>
         <readonly>true</readonly>
         <run_address>0x2150</run_address>
         <size>0x8</size>
         <alignment>0x4</alignment>
      </object_component>
      <object_component id="oc-c8">
         <name>.rodata.F8X16</name>
         <load_address>0x1908</load_address>
         <readonly>true</readonly>
         <run_address>0x1908</run_address>
         <size>0x5f0</size>
         <alignment>0x1</alignment>
         <input_file_ref idref="fl-5"/>
      </object_component>
      <object_component id="oc-c9">
         <name>.rodata.F6x8</name>
         <load_address>0x1ef8</load_address>
         <readonly>true</readonly>
         <run_address>0x1ef8</run_address>
         <size>0x228</size>
         <alignment>0x1</alignment>
         <input_file_ref idref="fl-5"/>
      </object_component>
      <object_component id="oc-91">
         <name>.rodata.str1.176633223477948356601</name>
         <load_address>0x2120</load_address>
         <readonly>true</readonly>
         <run_address>0x2120</run_address>
         <size>0xe</size>
         <alignment>0x1</alignment>
         <input_file_ref idref="fl-1"/>
      </object_component>
      <object_component id="oc-92">
         <name>.rodata.str1.100506750686581518081</name>
         <load_address>0x212e</load_address>
         <readonly>true</readonly>
         <run_address>0x212e</run_address>
         <size>0xa</size>
         <alignment>0x1</alignment>
         <input_file_ref idref="fl-1"/>
      </object_component>
      <object_component id="oc-dc">
         <name>.rodata.gI2C_0ClockConfig</name>
         <load_address>0x2138</load_address>
         <readonly>true</readonly>
         <run_address>0x2138</run_address>
         <size>0x2</size>
         <alignment>0x1</alignment>
         <input_file_ref idref="fl-2"/>
      </object_component>
      <object_component id="oc-f4">
         <name>.binit</name>
         <load_address>0x0</load_address>
         <readonly>true</readonly>
         <run_address>0x0</run_address>
         <size>0x0</size>
         <alignment>0x4</alignment>
      </object_component>
      <object_component id="oc-5b">
         <name>.data.delay_times</name>
         <load_address>0x20200000</load_address>
         <readwrite>true</readwrite>
         <run_address>0x20200000</run_address>
         <size>0x4</size>
         <alignment>0x4</alignment>
         <input_file_ref idref="fl-4"/>
      </object_component>
      <object_component id="oc-1a">
         <name>.stack</name>
         <uninitialized>true</uninitialized>
         <readwrite>true</readwrite>
         <run_address>0x20207e00</run_address>
         <size>0x4</size>
         <alignment>0x4</alignment>
         <input_file_ref idref="fl-29"/>
      </object_component>
      <object_component id="oc-12e">
         <name>.stack</name>
         <uninitialized>true</uninitialized>
         <readwrite>true</readwrite>
         <run_address>0x20207e00</run_address>
         <size>0x0</size>
         <alignment>0x8</alignment>
      </object_component>
      <object_component id="oc-93">
         <name>.debug_abbrev</name>
         <load_address>0x0</load_address>
         <run_address>0x0</run_address>
         <size>0x6f</size>
         <alignment>0x1</alignment>
         <input_file_ref idref="fl-1"/>
      </object_component>
      <object_component id="oc-bb">
         <name>.debug_abbrev</name>
         <load_address>0x6f</load_address>
         <run_address>0x6f</run_address>
         <size>0x1e6</size>
         <alignment>0x1</alignment>
         <input_file_ref idref="fl-2"/>
      </object_component>
      <object_component id="oc-39">
         <name>.debug_abbrev</name>
         <load_address>0x255</load_address>
         <run_address>0x255</run_address>
         <size>0x6d</size>
         <alignment>0x1</alignment>
         <input_file_ref idref="fl-3"/>
      </object_component>
      <object_component id="oc-5c">
         <name>.debug_abbrev</name>
         <load_address>0x2c2</load_address>
         <run_address>0x2c2</run_address>
         <size>0x11d</size>
         <alignment>0x1</alignment>
         <input_file_ref idref="fl-4"/>
      </object_component>
      <object_component id="oc-c5">
         <name>.debug_abbrev</name>
         <load_address>0x3df</load_address>
         <run_address>0x3df</run_address>
         <size>0x1ea</size>
         <alignment>0x1</alignment>
         <input_file_ref idref="fl-5"/>
      </object_component>
      <object_component id="oc-e8">
         <name>.debug_abbrev</name>
         <load_address>0x5c9</load_address>
         <run_address>0x5c9</run_address>
         <size>0x62</size>
         <alignment>0x1</alignment>
         <input_file_ref idref="fl-13"/>
      </object_component>
      <object_component id="oc-dd">
         <name>.debug_abbrev</name>
         <load_address>0x62b</load_address>
         <run_address>0x62b</run_address>
         <size>0x1e7</size>
         <alignment>0x1</alignment>
         <input_file_ref idref="fl-14"/>
      </object_component>
      <object_component id="oc-3b">
         <name>.debug_abbrev</name>
         <load_address>0x812</load_address>
         <run_address>0x812</run_address>
         <size>0xaf</size>
         <alignment>0x1</alignment>
         <input_file_ref idref="fl-29"/>
      </object_component>
      <object_component id="oc-d0">
         <name>.debug_abbrev</name>
         <load_address>0x8c1</load_address>
         <run_address>0x8c1</run_address>
         <size>0x170</size>
         <alignment>0x1</alignment>
         <input_file_ref idref="fl-2b"/>
      </object_component>
      <object_component id="oc-82">
         <name>.debug_abbrev</name>
         <load_address>0xa31</load_address>
         <run_address>0xa31</run_address>
         <size>0x39</size>
         <alignment>0x1</alignment>
         <input_file_ref idref="fl-2c"/>
      </object_component>
      <object_component id="oc-48">
         <name>.debug_abbrev</name>
         <load_address>0xa6a</load_address>
         <run_address>0xa6a</run_address>
         <size>0x70</size>
         <alignment>0x1</alignment>
         <input_file_ref idref="fl-2f"/>
      </object_component>
      <object_component id="oc-40">
         <name>.debug_abbrev</name>
         <load_address>0xada</load_address>
         <run_address>0xada</run_address>
         <size>0x8d</size>
         <alignment>0x1</alignment>
         <input_file_ref idref="fl-30"/>
      </object_component>
      <object_component id="oc-ca">
         <name>.debug_abbrev</name>
         <load_address>0xb67</load_address>
         <run_address>0xb67</run_address>
         <size>0xb3</size>
         <alignment>0x1</alignment>
         <input_file_ref idref="fl-31"/>
      </object_component>
      <object_component id="oc-60">
         <name>.debug_abbrev</name>
         <load_address>0xc1a</load_address>
         <run_address>0xc1a</run_address>
         <size>0x27</size>
         <alignment>0x1</alignment>
         <input_file_ref idref="fl-c9"/>
      </object_component>
      <object_component id="oc-ae">
         <name>.debug_abbrev</name>
         <load_address>0xc41</load_address>
         <run_address>0xc41</run_address>
         <size>0x25</size>
         <alignment>0x1</alignment>
         <input_file_ref idref="fl-cb"/>
      </object_component>
      <object_component id="oc-130">
         <name>.debug_abbrev</name>
         <load_address>0xc66</load_address>
         <run_address>0xc66</run_address>
         <size>0xf</size>
         <alignment>0x0</alignment>
      </object_component>
      <object_component id="oc-6d">
         <name>.debug_info</name>
         <load_address>0x0</load_address>
         <run_address>0x0</run_address>
         <size>0xe1</size>
         <alignment>0x1</alignment>
         <input_file_ref idref="fl-1"/>
      </object_component>
      <object_component id="oc-86">
         <name>.debug_info</name>
         <load_address>0xe1</load_address>
         <run_address>0xe1</run_address>
         <size>0x2ba5</size>
         <alignment>0x1</alignment>
         <input_file_ref idref="fl-2"/>
      </object_component>
      <object_component id="oc-19">
         <name>.debug_info</name>
         <load_address>0x2c86</load_address>
         <run_address>0x2c86</run_address>
         <size>0x80</size>
         <alignment>0x1</alignment>
         <input_file_ref idref="fl-3"/>
      </object_component>
      <object_component id="oc-36">
         <name>.debug_info</name>
         <load_address>0x2d06</load_address>
         <run_address>0x2d06</run_address>
         <size>0x1a9</size>
         <alignment>0x1</alignment>
         <input_file_ref idref="fl-4"/>
      </object_component>
      <object_component id="oc-8d">
         <name>.debug_info</name>
         <load_address>0x2eaf</load_address>
         <run_address>0x2eaf</run_address>
         <size>0x4140</size>
         <alignment>0x1</alignment>
         <input_file_ref idref="fl-5"/>
      </object_component>
      <object_component id="oc-d8">
         <name>.debug_info</name>
         <load_address>0x6fef</load_address>
         <run_address>0x6fef</run_address>
         <size>0x75</size>
         <alignment>0x1</alignment>
         <input_file_ref idref="fl-13"/>
      </object_component>
      <object_component id="oc-c0">
         <name>.debug_info</name>
         <load_address>0x7064</load_address>
         <run_address>0x7064</run_address>
         <size>0xca0</size>
         <alignment>0x1</alignment>
         <input_file_ref idref="fl-14"/>
      </object_component>
      <object_component id="oc-1b">
         <name>.debug_info</name>
         <load_address>0x7d04</load_address>
         <run_address>0x7d04</run_address>
         <size>0x423</size>
         <alignment>0x1</alignment>
         <input_file_ref idref="fl-29"/>
      </object_component>
      <object_component id="oc-a0">
         <name>.debug_info</name>
         <load_address>0x8127</load_address>
         <run_address>0x8127</run_address>
         <size>0x744</size>
         <alignment>0x1</alignment>
         <input_file_ref idref="fl-2b"/>
      </object_component>
      <object_component id="oc-6a">
         <name>.debug_info</name>
         <load_address>0x886b</load_address>
         <run_address>0x886b</run_address>
         <size>0x46</size>
         <alignment>0x1</alignment>
         <input_file_ref idref="fl-2c"/>
      </object_component>
      <object_component id="oc-22">
         <name>.debug_info</name>
         <load_address>0x88b1</load_address>
         <run_address>0x88b1</run_address>
         <size>0xc6</size>
         <alignment>0x1</alignment>
         <input_file_ref idref="fl-2f"/>
      </object_component>
      <object_component id="oc-1e">
         <name>.debug_info</name>
         <load_address>0x8977</load_address>
         <run_address>0x8977</run_address>
         <size>0x17c</size>
         <alignment>0x1</alignment>
         <input_file_ref idref="fl-30"/>
      </object_component>
      <object_component id="oc-97">
         <name>.debug_info</name>
         <load_address>0x8af3</load_address>
         <run_address>0x8af3</run_address>
         <size>0xed</size>
         <alignment>0x1</alignment>
         <input_file_ref idref="fl-31"/>
      </object_component>
      <object_component id="oc-47">
         <name>.debug_info</name>
         <load_address>0x8be0</load_address>
         <run_address>0x8be0</run_address>
         <size>0x199</size>
         <alignment>0x1</alignment>
         <input_file_ref idref="fl-c9"/>
      </object_component>
      <object_component id="oc-7c">
         <name>.debug_info</name>
         <load_address>0x8d79</load_address>
         <run_address>0x8d79</run_address>
         <size>0x2fa</size>
         <alignment>0x1</alignment>
         <input_file_ref idref="fl-cb"/>
      </object_component>
      <object_component id="oc-12f">
         <name>.debug_info</name>
         <load_address>0x9073</load_address>
         <run_address>0x9073</run_address>
         <size>0x9e</size>
         <alignment>0x0</alignment>
      </object_component>
      <object_component id="oc-94">
         <name>.debug_str</name>
         <load_address>0x0</load_address>
         <run_address>0x0</run_address>
         <size>0x100</size>
         <alignment>0x1</alignment>
         <input_file_ref idref="fl-1"/>
      </object_component>
      <object_component id="oc-bc">
         <name>.debug_str</name>
         <load_address>0x100</load_address>
         <run_address>0x100</run_address>
         <size>0x1d10</size>
         <alignment>0x1</alignment>
         <input_file_ref idref="fl-2"/>
      </object_component>
      <object_component id="oc-3a">
         <name>.debug_str</name>
         <load_address>0x1e10</load_address>
         <run_address>0x1e10</run_address>
         <size>0x15e</size>
         <alignment>0x1</alignment>
         <input_file_ref idref="fl-3"/>
      </object_component>
      <object_component id="oc-5d">
         <name>.debug_str</name>
         <load_address>0x1f6e</load_address>
         <run_address>0x1f6e</run_address>
         <size>0x14d</size>
         <alignment>0x1</alignment>
         <input_file_ref idref="fl-4"/>
      </object_component>
      <object_component id="oc-c6">
         <name>.debug_str</name>
         <load_address>0x20bb</load_address>
         <run_address>0x20bb</run_address>
         <size>0x552</size>
         <alignment>0x1</alignment>
         <input_file_ref idref="fl-5"/>
      </object_component>
      <object_component id="oc-e9">
         <name>.debug_str</name>
         <load_address>0x260d</load_address>
         <run_address>0x260d</run_address>
         <size>0x177</size>
         <alignment>0x1</alignment>
         <input_file_ref idref="fl-13"/>
      </object_component>
      <object_component id="oc-de">
         <name>.debug_str</name>
         <load_address>0x2784</load_address>
         <run_address>0x2784</run_address>
         <size>0x8b9</size>
         <alignment>0x1</alignment>
         <input_file_ref idref="fl-14"/>
      </object_component>
      <object_component id="oc-3c">
         <name>.debug_str</name>
         <load_address>0x303d</load_address>
         <run_address>0x303d</run_address>
         <size>0x225</size>
         <alignment>0x1</alignment>
         <input_file_ref idref="fl-29"/>
      </object_component>
      <object_component id="oc-d1">
         <name>.debug_str</name>
         <load_address>0x3262</load_address>
         <run_address>0x3262</run_address>
         <size>0x32f</size>
         <alignment>0x1</alignment>
         <input_file_ref idref="fl-2b"/>
      </object_component>
      <object_component id="oc-83">
         <name>.debug_str</name>
         <load_address>0x3591</load_address>
         <run_address>0x3591</run_address>
         <size>0xf5</size>
         <alignment>0x1</alignment>
         <input_file_ref idref="fl-2c"/>
      </object_component>
      <object_component id="oc-49">
         <name>.debug_str</name>
         <load_address>0x3686</load_address>
         <run_address>0x3686</run_address>
         <size>0x168</size>
         <alignment>0x1</alignment>
         <input_file_ref idref="fl-2f"/>
      </object_component>
      <object_component id="oc-41">
         <name>.debug_str</name>
         <load_address>0x37ee</load_address>
         <run_address>0x37ee</run_address>
         <size>0x1d5</size>
         <alignment>0x1</alignment>
         <input_file_ref idref="fl-30"/>
      </object_component>
      <object_component id="oc-cb">
         <name>.debug_str</name>
         <load_address>0x39c3</load_address>
         <run_address>0x39c3</run_address>
         <size>0x13f</size>
         <alignment>0x1</alignment>
         <input_file_ref idref="fl-31"/>
      </object_component>
      <object_component id="oc-6f">
         <name>.debug_frame</name>
         <load_address>0x0</load_address>
         <run_address>0x0</run_address>
         <size>0x20</size>
         <alignment>0x4</alignment>
         <input_file_ref idref="fl-1"/>
      </object_component>
      <object_component id="oc-87">
         <name>.debug_frame</name>
         <load_address>0x20</load_address>
         <run_address>0x20</run_address>
         <size>0x88</size>
         <alignment>0x4</alignment>
         <input_file_ref idref="fl-2"/>
      </object_component>
      <object_component id="oc-30">
         <name>.debug_frame</name>
         <load_address>0xa8</load_address>
         <run_address>0xa8</run_address>
         <size>0x30</size>
         <alignment>0x4</alignment>
         <input_file_ref idref="fl-3"/>
      </object_component>
      <object_component id="oc-35">
         <name>.debug_frame</name>
         <load_address>0xd8</load_address>
         <run_address>0xd8</run_address>
         <size>0x58</size>
         <alignment>0x4</alignment>
         <input_file_ref idref="fl-4"/>
      </object_component>
      <object_component id="oc-8b">
         <name>.debug_frame</name>
         <load_address>0x130</load_address>
         <run_address>0x130</run_address>
         <size>0x148</size>
         <alignment>0x4</alignment>
         <input_file_ref idref="fl-5"/>
      </object_component>
      <object_component id="oc-da">
         <name>.debug_frame</name>
         <load_address>0x278</load_address>
         <run_address>0x278</run_address>
         <size>0x20</size>
         <alignment>0x4</alignment>
         <input_file_ref idref="fl-13"/>
      </object_component>
      <object_component id="oc-c2">
         <name>.debug_frame</name>
         <load_address>0x298</load_address>
         <run_address>0x298</run_address>
         <size>0x12c</size>
         <alignment>0x4</alignment>
         <input_file_ref idref="fl-14"/>
      </object_component>
      <object_component id="oc-53">
         <name>.debug_frame</name>
         <load_address>0x3c4</load_address>
         <run_address>0x3c4</run_address>
         <size>0x90</size>
         <alignment>0x4</alignment>
         <input_file_ref idref="fl-29"/>
      </object_component>
      <object_component id="oc-9e">
         <name>.debug_frame</name>
         <load_address>0x454</load_address>
         <run_address>0x454</run_address>
         <size>0x100</size>
         <alignment>0x4</alignment>
         <input_file_ref idref="fl-2b"/>
      </object_component>
      <object_component id="oc-6b">
         <name>.debug_frame</name>
         <load_address>0x554</load_address>
         <run_address>0x554</run_address>
         <size>0x20</size>
         <alignment>0x4</alignment>
         <input_file_ref idref="fl-2c"/>
      </object_component>
      <object_component id="oc-23">
         <name>.debug_frame</name>
         <load_address>0x574</load_address>
         <run_address>0x574</run_address>
         <size>0x28</size>
         <alignment>0x4</alignment>
         <input_file_ref idref="fl-2f"/>
      </object_component>
      <object_component id="oc-1d">
         <name>.debug_frame</name>
         <load_address>0x59c</load_address>
         <run_address>0x59c</run_address>
         <size>0x30</size>
         <alignment>0x4</alignment>
         <input_file_ref idref="fl-30"/>
      </object_component>
      <object_component id="oc-98">
         <name>.debug_frame</name>
         <load_address>0x5cc</load_address>
         <run_address>0x5cc</run_address>
         <size>0x30</size>
         <alignment>0x4</alignment>
         <input_file_ref idref="fl-31"/>
      </object_component>
      <object_component id="oc-6e">
         <name>.debug_line</name>
         <load_address>0x0</load_address>
         <run_address>0x0</run_address>
         <size>0x63</size>
         <alignment>0x1</alignment>
         <input_file_ref idref="fl-1"/>
      </object_component>
      <object_component id="oc-88">
         <name>.debug_line</name>
         <load_address>0x63</load_address>
         <run_address>0x63</run_address>
         <size>0x556</size>
         <alignment>0x1</alignment>
         <input_file_ref idref="fl-2"/>
      </object_component>
      <object_component id="oc-31">
         <name>.debug_line</name>
         <load_address>0x5b9</load_address>
         <run_address>0x5b9</run_address>
         <size>0xc1</size>
         <alignment>0x1</alignment>
         <input_file_ref idref="fl-3"/>
      </object_component>
      <object_component id="oc-38">
         <name>.debug_line</name>
         <load_address>0x67a</load_address>
         <run_address>0x67a</run_address>
         <size>0x231</size>
         <alignment>0x1</alignment>
         <input_file_ref idref="fl-4"/>
      </object_component>
      <object_component id="oc-8c">
         <name>.debug_line</name>
         <load_address>0x8ab</load_address>
         <run_address>0x8ab</run_address>
         <size>0x2c99</size>
         <alignment>0x1</alignment>
         <input_file_ref idref="fl-5"/>
      </object_component>
      <object_component id="oc-d9">
         <name>.debug_line</name>
         <load_address>0x3544</load_address>
         <run_address>0x3544</run_address>
         <size>0xe4</size>
         <alignment>0x1</alignment>
         <input_file_ref idref="fl-13"/>
      </object_component>
      <object_component id="oc-c1">
         <name>.debug_line</name>
         <load_address>0x3628</load_address>
         <run_address>0x3628</run_address>
         <size>0x617</size>
         <alignment>0x1</alignment>
         <input_file_ref idref="fl-14"/>
      </object_component>
      <object_component id="oc-3d">
         <name>.debug_line</name>
         <load_address>0x3c3f</load_address>
         <run_address>0x3c3f</run_address>
         <size>0x1dc</size>
         <alignment>0x1</alignment>
         <input_file_ref idref="fl-29"/>
      </object_component>
      <object_component id="oc-a1">
         <name>.debug_line</name>
         <load_address>0x3e1b</load_address>
         <run_address>0x3e1b</run_address>
         <size>0x51a</size>
         <alignment>0x1</alignment>
         <input_file_ref idref="fl-2b"/>
      </object_component>
      <object_component id="oc-69">
         <name>.debug_line</name>
         <load_address>0x4335</load_address>
         <run_address>0x4335</run_address>
         <size>0x3e</size>
         <alignment>0x1</alignment>
         <input_file_ref idref="fl-2c"/>
      </object_component>
      <object_component id="oc-21">
         <name>.debug_line</name>
         <load_address>0x4373</load_address>
         <run_address>0x4373</run_address>
         <size>0xc0</size>
         <alignment>0x1</alignment>
         <input_file_ref idref="fl-2f"/>
      </object_component>
      <object_component id="oc-1f">
         <name>.debug_line</name>
         <load_address>0x4433</load_address>
         <run_address>0x4433</run_address>
         <size>0x1c8</size>
         <alignment>0x1</alignment>
         <input_file_ref idref="fl-30"/>
      </object_component>
      <object_component id="oc-96">
         <name>.debug_line</name>
         <load_address>0x45fb</load_address>
         <run_address>0x45fb</run_address>
         <size>0x69</size>
         <alignment>0x1</alignment>
         <input_file_ref idref="fl-31"/>
      </object_component>
      <object_component id="oc-46">
         <name>.debug_line</name>
         <load_address>0x4664</load_address>
         <run_address>0x4664</run_address>
         <size>0xa4</size>
         <alignment>0x1</alignment>
         <input_file_ref idref="fl-c9"/>
      </object_component>
      <object_component id="oc-7e">
         <name>.debug_line</name>
         <load_address>0x4708</load_address>
         <run_address>0x4708</run_address>
         <size>0xa0</size>
         <alignment>0x1</alignment>
         <input_file_ref idref="fl-cb"/>
      </object_component>
      <object_component id="oc-b8">
         <name>.debug_loc</name>
         <load_address>0x0</load_address>
         <run_address>0x0</run_address>
         <size>0x92</size>
         <alignment>0x1</alignment>
         <input_file_ref idref="fl-2"/>
      </object_component>
      <object_component id="oc-5e">
         <name>.debug_loc</name>
         <load_address>0x92</load_address>
         <run_address>0x92</run_address>
         <size>0x1da</size>
         <alignment>0x1</alignment>
         <input_file_ref idref="fl-4"/>
      </object_component>
      <object_component id="oc-8a">
         <name>.debug_loc</name>
         <load_address>0x26c</load_address>
         <run_address>0x26c</run_address>
         <size>0x3013</size>
         <alignment>0x1</alignment>
         <input_file_ref idref="fl-5"/>
      </object_component>
      <object_component id="oc-ea">
         <name>.debug_loc</name>
         <load_address>0x327f</load_address>
         <run_address>0x327f</run_address>
         <size>0x13</size>
         <alignment>0x1</alignment>
         <input_file_ref idref="fl-13"/>
      </object_component>
      <object_component id="oc-bf">
         <name>.debug_loc</name>
         <load_address>0x3292</load_address>
         <run_address>0x3292</run_address>
         <size>0x31c</size>
         <alignment>0x1</alignment>
         <input_file_ref idref="fl-14"/>
      </object_component>
      <object_component id="oc-3f">
         <name>.debug_loc</name>
         <load_address>0x35ae</load_address>
         <run_address>0x35ae</run_address>
         <size>0xd8</size>
         <alignment>0x1</alignment>
         <input_file_ref idref="fl-29"/>
      </object_component>
      <object_component id="oc-9d">
         <name>.debug_loc</name>
         <load_address>0x3686</load_address>
         <run_address>0x3686</run_address>
         <size>0x424</size>
         <alignment>0x1</alignment>
         <input_file_ref idref="fl-2b"/>
      </object_component>
      <object_component id="oc-4a">
         <name>.debug_loc</name>
         <load_address>0x3aaa</load_address>
         <run_address>0x3aaa</run_address>
         <size>0x6f</size>
         <alignment>0x1</alignment>
         <input_file_ref idref="fl-2f"/>
      </object_component>
      <object_component id="oc-42">
         <name>.debug_loc</name>
         <load_address>0x3b19</load_address>
         <run_address>0x3b19</run_address>
         <size>0x167</size>
         <alignment>0x1</alignment>
         <input_file_ref idref="fl-30"/>
      </object_component>
      <object_component id="oc-9b">
         <name>.debug_loc</name>
         <load_address>0x3c80</load_address>
         <run_address>0x3c80</run_address>
         <size>0x26</size>
         <alignment>0x1</alignment>
         <input_file_ref idref="fl-31"/>
      </object_component>
      <object_component id="oc-85">
         <name>.debug_ranges</name>
         <load_address>0x0</load_address>
         <run_address>0x0</run_address>
         <size>0x38</size>
         <alignment>0x1</alignment>
         <input_file_ref idref="fl-2"/>
      </object_component>
      <object_component id="oc-32">
         <name>.debug_ranges</name>
         <load_address>0x38</load_address>
         <run_address>0x38</run_address>
         <size>0x18</size>
         <alignment>0x1</alignment>
         <input_file_ref idref="fl-3"/>
      </object_component>
      <object_component id="oc-37">
         <name>.debug_ranges</name>
         <load_address>0x50</load_address>
         <run_address>0x50</run_address>
         <size>0x20</size>
         <alignment>0x1</alignment>
         <input_file_ref idref="fl-4"/>
      </object_component>
      <object_component id="oc-8e">
         <name>.debug_ranges</name>
         <load_address>0x70</load_address>
         <run_address>0x70</run_address>
         <size>0x1598</size>
         <alignment>0x1</alignment>
         <input_file_ref idref="fl-5"/>
      </object_component>
      <object_component id="oc-c3">
         <name>.debug_ranges</name>
         <load_address>0x1608</load_address>
         <run_address>0x1608</run_address>
         <size>0x1d8</size>
         <alignment>0x1</alignment>
         <input_file_ref idref="fl-14"/>
      </object_component>
      <object_component id="oc-3e">
         <name>.debug_ranges</name>
         <load_address>0x17e0</load_address>
         <run_address>0x17e0</run_address>
         <size>0x48</size>
         <alignment>0x1</alignment>
         <input_file_ref idref="fl-29"/>
      </object_component>
      <object_component id="oc-9f">
         <name>.debug_ranges</name>
         <load_address>0x1828</load_address>
         <run_address>0x1828</run_address>
         <size>0x48</size>
         <alignment>0x1</alignment>
         <input_file_ref idref="fl-2b"/>
      </object_component>
      <object_component id="oc-43">
         <name>.debug_ranges</name>
         <load_address>0x1870</load_address>
         <run_address>0x1870</run_address>
         <size>0x50</size>
         <alignment>0x1</alignment>
         <input_file_ref idref="fl-30"/>
      </object_component>
      <object_component id="oc-99">
         <name>.debug_ranges</name>
         <load_address>0x18c0</load_address>
         <run_address>0x18c0</run_address>
         <size>0x18</size>
         <alignment>0x1</alignment>
         <input_file_ref idref="fl-31"/>
      </object_component>
      <object_component id="oc-7d">
         <name>.debug_ranges</name>
         <load_address>0x18d8</load_address>
         <run_address>0x18d8</run_address>
         <size>0x28</size>
         <alignment>0x1</alignment>
         <input_file_ref idref="fl-cb"/>
      </object_component>
      <object_component id="oc-45">
         <name>.debug_aranges</name>
         <load_address>0x0</load_address>
         <run_address>0x0</run_address>
         <size>0x20</size>
         <alignment>0x1</alignment>
         <input_file_ref idref="fl-c9"/>
      </object_component>
      <object_component id="oc-7b">
         <name>.debug_aranges</name>
         <load_address>0x20</load_address>
         <run_address>0x20</run_address>
         <size>0x28</size>
         <alignment>0x1</alignment>
         <input_file_ref idref="fl-cb"/>
      </object_component>
   </object_component_list>
   <logical_group_list>
      <logical_group id="lg-2" display="no" color="cyan">
         <name>.intvecs</name>
         <load_address>0x0</load_address>
         <run_address>0x0</run_address>
         <size>0xc0</size>
         <contents>
            <object_component_ref idref="oc-18"/>
         </contents>
      </logical_group>
      <logical_group id="lg-3" display="no" color="cyan">
         <name>.text</name>
         <load_address>0xc0</load_address>
         <run_address>0xc0</run_address>
         <size>0x1848</size>
         <contents>
            <object_component_ref idref="oc-89"/>
            <object_component_ref idref="oc-90"/>
            <object_component_ref idref="oc-8f"/>
            <object_component_ref idref="oc-c7"/>
            <object_component_ref idref="oc-7f"/>
            <object_component_ref idref="oc-33"/>
            <object_component_ref idref="oc-1c"/>
            <object_component_ref idref="oc-6c"/>
            <object_component_ref idref="oc-be"/>
            <object_component_ref idref="oc-b9"/>
            <object_component_ref idref="oc-b7"/>
            <object_component_ref idref="oc-bd"/>
            <object_component_ref idref="oc-c4"/>
            <object_component_ref idref="oc-9c"/>
            <object_component_ref idref="oc-b5"/>
            <object_component_ref idref="oc-54"/>
            <object_component_ref idref="oc-db"/>
            <object_component_ref idref="oc-b6"/>
            <object_component_ref idref="oc-ba"/>
            <object_component_ref idref="oc-84"/>
            <object_component_ref idref="oc-34"/>
            <object_component_ref idref="oc-20"/>
            <object_component_ref idref="oc-d7"/>
            <object_component_ref idref="oc-44"/>
            <object_component_ref idref="oc-2f"/>
            <object_component_ref idref="oc-68"/>
            <object_component_ref idref="oc-95"/>
         </contents>
      </logical_group>
      <logical_group id="lg-4" display="no" color="cyan">
         <name>.const</name>
         <run_address>0x0</run_address>
         <size>0x0</size>
         <contents>
         </contents>
      </logical_group>
      <logical_group id="lg-5" display="no" color="cyan">
         <name>.cinit</name>
         <load_address>0x2140</load_address>
         <run_address>0x2140</run_address>
         <size>0x18</size>
         <contents>
            <object_component_ref idref="oc-12a"/>
            <object_component_ref idref="oc-12c"/>
            <object_component_ref idref="oc-12b"/>
         </contents>
      </logical_group>
      <logical_group id="lg-6" display="no" color="cyan">
         <name>.pinit</name>
         <run_address>0x0</run_address>
         <size>0x0</size>
         <contents>
         </contents>
      </logical_group>
      <logical_group id="lg-7" display="no" color="cyan">
         <name>.rodata</name>
         <load_address>0x1908</load_address>
         <run_address>0x1908</run_address>
         <size>0x838</size>
         <contents>
            <object_component_ref idref="oc-c8"/>
            <object_component_ref idref="oc-c9"/>
            <object_component_ref idref="oc-91"/>
            <object_component_ref idref="oc-92"/>
            <object_component_ref idref="oc-dc"/>
         </contents>
      </logical_group>
      <logical_group id="lg-8" display="no" color="cyan">
         <name>.ARM.exidx</name>
         <run_address>0x0</run_address>
         <size>0x0</size>
         <contents>
         </contents>
      </logical_group>
      <logical_group id="lg-9" display="no" color="cyan">
         <name>.init_array</name>
         <run_address>0x0</run_address>
         <size>0x0</size>
         <contents>
         </contents>
      </logical_group>
      <logical_group id="lg-a" display="no" color="cyan">
         <name>.binit</name>
         <load_address>0x0</load_address>
         <run_address>0x0</run_address>
         <size>0x0</size>
         <contents>
            <object_component_ref idref="oc-f4"/>
         </contents>
      </logical_group>
      <logical_group id="lg-b" display="no" color="cyan">
         <name>.TI.ramfunc</name>
         <run_address>0x0</run_address>
         <size>0x0</size>
         <contents>
         </contents>
      </logical_group>
      <logical_group id="lg-c" display="no" color="cyan">
         <name>.vtable</name>
         <run_address>0x0</run_address>
         <size>0x0</size>
         <contents>
         </contents>
      </logical_group>
      <logical_group id="lg-d" display="no" color="cyan">
         <name>.args</name>
         <run_address>0x0</run_address>
         <size>0x0</size>
         <contents>
         </contents>
      </logical_group>
      <logical_group id="lg-e" display="no" color="cyan">
         <name>.data</name>
         <run_address>0x20200000</run_address>
         <size>0x4</size>
         <contents>
            <object_component_ref idref="oc-5b"/>
         </contents>
      </logical_group>
      <logical_group id="lg-f" display="no" color="cyan">
         <name>.bss</name>
         <run_address>0x0</run_address>
         <size>0x0</size>
         <contents>
         </contents>
      </logical_group>
      <logical_group id="lg-10" display="no" color="cyan">
         <name>.sysmem</name>
         <run_address>0x0</run_address>
         <size>0x0</size>
         <contents>
         </contents>
      </logical_group>
      <logical_group id="lg-11" display="no" color="cyan">
         <name>.stack</name>
         <run_address>0x20207e00</run_address>
         <size>0x200</size>
         <contents>
            <object_component_ref idref="oc-1a"/>
            <object_component_ref idref="oc-12e"/>
         </contents>
      </logical_group>
      <logical_group id="lg-12" display="no" color="cyan">
         <name>.BCRConfig</name>
         <run_address>0x0</run_address>
         <size>0x0</size>
         <contents>
         </contents>
      </logical_group>
      <logical_group id="lg-13" display="no" color="cyan">
         <name>.BSLConfig</name>
         <run_address>0x0</run_address>
         <size>0x0</size>
         <contents>
         </contents>
      </logical_group>
      <logical_group id="lg-eb" display="no" color="cyan">
         <name>.TI.noinit</name>
         <run_address>0x0</run_address>
         <size>0x0</size>
         <contents>
         </contents>
      </logical_group>
      <logical_group id="lg-ec" display="no" color="cyan">
         <name>.TI.persistent</name>
         <run_address>0x0</run_address>
         <size>0x0</size>
         <contents>
         </contents>
      </logical_group>
      <logical_group id="lg-ed" display="no" color="cyan">
         <name>.TI.local</name>
         <run_address>0x0</run_address>
         <size>0x0</size>
         <contents>
         </contents>
      </logical_group>
      <logical_group id="lg-ee" display="no" color="cyan">
         <name>.TI.onchip</name>
         <run_address>0x0</run_address>
         <size>0x0</size>
         <contents>
         </contents>
      </logical_group>
      <logical_group id="lg-ef" display="no" color="cyan">
         <name>.TI.offchip</name>
         <run_address>0x0</run_address>
         <size>0x0</size>
         <contents>
         </contents>
      </logical_group>
      <logical_group id="lg-f0" display="no" color="cyan">
         <name>__llvm_prf_cnts</name>
         <run_address>0x20200000</run_address>
         <size>0x0</size>
         <contents>
         </contents>
      </logical_group>
      <logical_group id="lg-f2" display="no" color="cyan">
         <name>__llvm_prf_bits</name>
         <run_address>0x20200000</run_address>
         <size>0x0</size>
         <contents>
         </contents>
      </logical_group>
      <logical_group id="lg-10e" display="never" color="cyan">
         <name>.debug_abbrev</name>
         <load_address>0x0</load_address>
         <run_address>0x0</run_address>
         <size>0xc75</size>
         <contents>
            <object_component_ref idref="oc-93"/>
            <object_component_ref idref="oc-bb"/>
            <object_component_ref idref="oc-39"/>
            <object_component_ref idref="oc-5c"/>
            <object_component_ref idref="oc-c5"/>
            <object_component_ref idref="oc-e8"/>
            <object_component_ref idref="oc-dd"/>
            <object_component_ref idref="oc-3b"/>
            <object_component_ref idref="oc-d0"/>
            <object_component_ref idref="oc-82"/>
            <object_component_ref idref="oc-48"/>
            <object_component_ref idref="oc-40"/>
            <object_component_ref idref="oc-ca"/>
            <object_component_ref idref="oc-60"/>
            <object_component_ref idref="oc-ae"/>
            <object_component_ref idref="oc-130"/>
         </contents>
      </logical_group>
      <logical_group id="lg-110" display="never" color="cyan">
         <name>.debug_info</name>
         <load_address>0x0</load_address>
         <run_address>0x0</run_address>
         <size>0x9111</size>
         <contents>
            <object_component_ref idref="oc-6d"/>
            <object_component_ref idref="oc-86"/>
            <object_component_ref idref="oc-19"/>
            <object_component_ref idref="oc-36"/>
            <object_component_ref idref="oc-8d"/>
            <object_component_ref idref="oc-d8"/>
            <object_component_ref idref="oc-c0"/>
            <object_component_ref idref="oc-1b"/>
            <object_component_ref idref="oc-a0"/>
            <object_component_ref idref="oc-6a"/>
            <object_component_ref idref="oc-22"/>
            <object_component_ref idref="oc-1e"/>
            <object_component_ref idref="oc-97"/>
            <object_component_ref idref="oc-47"/>
            <object_component_ref idref="oc-7c"/>
            <object_component_ref idref="oc-12f"/>
         </contents>
      </logical_group>
      <logical_group id="lg-112" display="never" color="cyan">
         <name>.debug_str</name>
         <load_address>0x0</load_address>
         <run_address>0x0</run_address>
         <size>0x3b02</size>
         <contents>
            <object_component_ref idref="oc-94"/>
            <object_component_ref idref="oc-bc"/>
            <object_component_ref idref="oc-3a"/>
            <object_component_ref idref="oc-5d"/>
            <object_component_ref idref="oc-c6"/>
            <object_component_ref idref="oc-e9"/>
            <object_component_ref idref="oc-de"/>
            <object_component_ref idref="oc-3c"/>
            <object_component_ref idref="oc-d1"/>
            <object_component_ref idref="oc-83"/>
            <object_component_ref idref="oc-49"/>
            <object_component_ref idref="oc-41"/>
            <object_component_ref idref="oc-cb"/>
         </contents>
      </logical_group>
      <logical_group id="lg-114" display="never" color="cyan">
         <name>.debug_frame</name>
         <load_address>0x0</load_address>
         <run_address>0x0</run_address>
         <size>0x5fc</size>
         <contents>
            <object_component_ref idref="oc-6f"/>
            <object_component_ref idref="oc-87"/>
            <object_component_ref idref="oc-30"/>
            <object_component_ref idref="oc-35"/>
            <object_component_ref idref="oc-8b"/>
            <object_component_ref idref="oc-da"/>
            <object_component_ref idref="oc-c2"/>
            <object_component_ref idref="oc-53"/>
            <object_component_ref idref="oc-9e"/>
            <object_component_ref idref="oc-6b"/>
            <object_component_ref idref="oc-23"/>
            <object_component_ref idref="oc-1d"/>
            <object_component_ref idref="oc-98"/>
         </contents>
      </logical_group>
      <logical_group id="lg-116" display="never" color="cyan">
         <name>.debug_line</name>
         <load_address>0x0</load_address>
         <run_address>0x0</run_address>
         <size>0x47a8</size>
         <contents>
            <object_component_ref idref="oc-6e"/>
            <object_component_ref idref="oc-88"/>
            <object_component_ref idref="oc-31"/>
            <object_component_ref idref="oc-38"/>
            <object_component_ref idref="oc-8c"/>
            <object_component_ref idref="oc-d9"/>
            <object_component_ref idref="oc-c1"/>
            <object_component_ref idref="oc-3d"/>
            <object_component_ref idref="oc-a1"/>
            <object_component_ref idref="oc-69"/>
            <object_component_ref idref="oc-21"/>
            <object_component_ref idref="oc-1f"/>
            <object_component_ref idref="oc-96"/>
            <object_component_ref idref="oc-46"/>
            <object_component_ref idref="oc-7e"/>
         </contents>
      </logical_group>
      <logical_group id="lg-118" display="never" color="cyan">
         <name>.debug_loc</name>
         <load_address>0x0</load_address>
         <run_address>0x0</run_address>
         <size>0x3ca6</size>
         <contents>
            <object_component_ref idref="oc-b8"/>
            <object_component_ref idref="oc-5e"/>
            <object_component_ref idref="oc-8a"/>
            <object_component_ref idref="oc-ea"/>
            <object_component_ref idref="oc-bf"/>
            <object_component_ref idref="oc-3f"/>
            <object_component_ref idref="oc-9d"/>
            <object_component_ref idref="oc-4a"/>
            <object_component_ref idref="oc-42"/>
            <object_component_ref idref="oc-9b"/>
         </contents>
      </logical_group>
      <logical_group id="lg-11a" display="never" color="cyan">
         <name>.debug_ranges</name>
         <load_address>0x0</load_address>
         <run_address>0x0</run_address>
         <size>0x1900</size>
         <contents>
            <object_component_ref idref="oc-85"/>
            <object_component_ref idref="oc-32"/>
            <object_component_ref idref="oc-37"/>
            <object_component_ref idref="oc-8e"/>
            <object_component_ref idref="oc-c3"/>
            <object_component_ref idref="oc-3e"/>
            <object_component_ref idref="oc-9f"/>
            <object_component_ref idref="oc-43"/>
            <object_component_ref idref="oc-99"/>
            <object_component_ref idref="oc-7d"/>
         </contents>
      </logical_group>
      <logical_group id="lg-124" display="never" color="cyan">
         <name>.debug_aranges</name>
         <load_address>0x0</load_address>
         <run_address>0x0</run_address>
         <size>0x48</size>
         <contents>
            <object_component_ref idref="oc-45"/>
            <object_component_ref idref="oc-7b"/>
         </contents>
      </logical_group>
      <logical_group id="lg-12d" display="no" color="cyan">
         <name>Veneer$$CMSE</name>
         <run_address>0x0</run_address>
         <size>0x0</size>
         <contents>
         </contents>
      </logical_group>
      <load_segment id="lg-136" display="no" color="cyan">
         <name>SEGMENT_0</name>
         <load_address>0x0</load_address>
         <run_address>0x0</run_address>
         <size>0x2158</size>
         <flags>0x5</flags>
         <contents>
            <logical_group_ref idref="lg-2"/>
            <logical_group_ref idref="lg-3"/>
            <logical_group_ref idref="lg-7"/>
            <logical_group_ref idref="lg-5"/>
         </contents>
      </load_segment>
      <load_segment id="lg-137" display="no" color="cyan">
         <name>SEGMENT_1</name>
         <run_address>0x20200000</run_address>
         <size>0x4</size>
         <flags>0x6</flags>
         <contents>
            <logical_group_ref idref="lg-e"/>
         </contents>
      </load_segment>
      <load_segment id="lg-138" display="no" color="cyan">
         <name>SEGMENT_2</name>
         <run_address>0x20207e00</run_address>
         <size>0x200</size>
         <flags>0x6</flags>
         <contents>
            <logical_group_ref idref="lg-11"/>
         </contents>
      </load_segment>
   </logical_group_list>
   <placement_map>
      <memory_area display="yes" color="green">
         <name>FLASH</name>
         <page_id>0x0</page_id>
         <origin>0x0</origin>
         <length>0x20000</length>
         <used_space>0x2158</used_space>
         <unused_space>0x1dea8</unused_space>
         <attributes>RX</attributes>
         <usage_details>
            <allocated_space>
               <start_address>0x0</start_address>
               <size>0x0</size>
               <logical_group_ref idref="lg-a"/>
            </allocated_space>
            <allocated_space>
               <start_address>0x0</start_address>
               <size>0xc0</size>
               <logical_group_ref idref="lg-2"/>
            </allocated_space>
            <allocated_space>
               <start_address>0xc0</start_address>
               <size>0x1848</size>
               <logical_group_ref idref="lg-3"/>
            </allocated_space>
            <allocated_space>
               <start_address>0x1908</start_address>
               <size>0x838</size>
               <logical_group_ref idref="lg-7"/>
            </allocated_space>
            <allocated_space>
               <start_address>0x2140</start_address>
               <size>0x18</size>
               <logical_group_ref idref="lg-5"/>
            </allocated_space>
            <available_space>
               <start_address>0x2158</start_address>
               <size>0x1dea8</size>
            </available_space>
         </usage_details>
      </memory_area>
      <memory_area display="yes" color="green">
         <name>SRAM</name>
         <page_id>0x0</page_id>
         <origin>0x20200000</origin>
         <length>0x8000</length>
         <used_space>0x204</used_space>
         <unused_space>0x7dfc</unused_space>
         <attributes>RWX</attributes>
         <usage_details>
            <allocated_space>
               <start_address>0x20200000</start_address>
               <size>0x0</size>
               <logical_group_ref idref="lg-f0"/>
            </allocated_space>
            <allocated_space>
               <start_address>0x20200000</start_address>
               <size>0x0</size>
               <logical_group_ref idref="lg-f2"/>
            </allocated_space>
            <allocated_space>
               <start_address>0x20200000</start_address>
               <size>0x4</size>
               <logical_group_ref idref="lg-e"/>
            </allocated_space>
            <available_space>
               <start_address>0x20200004</start_address>
               <size>0x7dfc</size>
            </available_space>
            <allocated_space>
               <start_address>0x20207e00</start_address>
               <size>0x200</size>
               <logical_group_ref idref="lg-11"/>
            </allocated_space>
         </usage_details>
      </memory_area>
      <memory_area display="yes" color="green">
         <name>BCR_CONFIG</name>
         <page_id>0x0</page_id>
         <origin>0x41c00000</origin>
         <length>0x80</length>
         <used_space>0x0</used_space>
         <unused_space>0x80</unused_space>
         <attributes>R</attributes>
         <usage_details>
         </usage_details>
      </memory_area>
      <memory_area display="yes" color="green">
         <name>BSL_CONFIG</name>
         <page_id>0x0</page_id>
         <origin>0x41c00100</origin>
         <length>0x80</length>
         <used_space>0x0</used_space>
         <unused_space>0x80</unused_space>
         <attributes>R</attributes>
         <usage_details>
         </usage_details>
      </memory_area>
   </placement_map>
   <cptbl_list>
      <cptbl>
         <name>__TI_cinit_table</name>
         <cprec>
            <name>.data</name>
            <load_address>0x2148</load_address>
            <load_size>0x7</load_size>
            <run_address>0x20200000</run_address>
            <run_size>0x4</run_size>
            <compression>lzss</compression>
         </cprec>
      </cptbl>
   </cptbl_list>
   <handler_table>
      <handler_table_name>__TI_handler_table</handler_table_name>
      <handler>
         <index>0x0</index>
         <name>__TI_decompress_lzss</name>
      </handler>
      <handler>
         <index>0x1</index>
         <name>__TI_decompress_none</name>
      </handler>
   </handler_table>
   <symbol_table>
      <symbol id="sm-1">
         <name>__start___llvm_prf_cnts</name>
         <value>0x20200000</value>
      </symbol>
      <symbol id="sm-2">
         <name>__stop___llvm_prf_cnts</name>
         <value>0x20200000</value>
      </symbol>
      <symbol id="sm-3">
         <name>__start___llvm_prf_bits</name>
         <value>0x20200000</value>
      </symbol>
      <symbol id="sm-4">
         <name>__stop___llvm_prf_bits</name>
         <value>0x20200000</value>
      </symbol>
      <symbol id="sm-5">
         <name>__TI_CINIT_Base</name>
         <value>0x2150</value>
      </symbol>
      <symbol id="sm-6">
         <name>__TI_CINIT_Limit</name>
         <value>0x2158</value>
      </symbol>
      <symbol id="sm-7">
         <name>__TI_CINIT_Warm</name>
         <value>0x2158</value>
      </symbol>
      <symbol id="sm-8">
         <name>__TI_Handler_Table_Base</name>
         <value>0x2140</value>
      </symbol>
      <symbol id="sm-9">
         <name>__TI_Handler_Table_Limit</name>
         <value>0x2148</value>
      </symbol>
      <symbol id="sm-a">
         <name>binit</name>
         <value>0xffffffff</value>
      </symbol>
      <symbol id="sm-b">
         <name>__binit__</name>
         <value>0xffffffff</value>
      </symbol>
      <symbol id="sm-c">
         <name>__STACK_SIZE</name>
         <value>0x200</value>
      </symbol>
      <symbol id="sm-d">
         <name>__STACK_END</name>
         <value>0x20208000</value>
      </symbol>
      <symbol id="sm-e">
         <name>__TI_pprof_out_hndl</name>
         <value>0xffffffff</value>
      </symbol>
      <symbol id="sm-f">
         <name>__TI_prof_data_start</name>
         <value>0xffffffff</value>
      </symbol>
      <symbol id="sm-10">
         <name>__TI_prof_data_size</name>
         <value>0xffffffff</value>
      </symbol>
      <symbol id="sm-3d">
         <name>main</name>
         <value>0x15d1</value>
         <object_component_ref idref="oc-6c"/>
      </symbol>
      <symbol id="sm-58">
         <name>SYSCFG_DL_init</name>
         <value>0x18a9</value>
         <object_component_ref idref="oc-84"/>
      </symbol>
      <symbol id="sm-59">
         <name>SYSCFG_DL_initPower</name>
         <value>0x17e5</value>
         <object_component_ref idref="oc-b5"/>
      </symbol>
      <symbol id="sm-5a">
         <name>SYSCFG_DL_GPIO_init</name>
         <value>0x1869</value>
         <object_component_ref idref="oc-b6"/>
      </symbol>
      <symbol id="sm-5b">
         <name>SYSCFG_DL_SYSCTL_init</name>
         <value>0x16ed</value>
         <object_component_ref idref="oc-b7"/>
      </symbol>
      <symbol id="sm-5c">
         <name>SYSCFG_DL_I2C_0_init</name>
         <value>0x1699</value>
         <object_component_ref idref="oc-b9"/>
      </symbol>
      <symbol id="sm-5d">
         <name>SYSCFG_DL_SYSTICK_init</name>
         <value>0x188d</value>
         <object_component_ref idref="oc-ba"/>
      </symbol>
      <symbol id="sm-68">
         <name>Default_Handler</name>
         <value>0x1553</value>
         <object_component_ref idref="oc-33"/>
      </symbol>
      <symbol id="sm-69">
         <name>Reset_Handler</name>
         <value>0x18f9</value>
         <object_component_ref idref="oc-2f"/>
      </symbol>
      <symbol id="sm-6a">
         <name>interruptVectors</name>
         <value>0x0</value>
         <object_component_ref idref="oc-18"/>
      </symbol>
      <symbol id="sm-6b">
         <name>NMI_Handler</name>
         <value>0x1553</value>
         <object_component_ref idref="oc-33"/>
      </symbol>
      <symbol id="sm-6c">
         <name>HardFault_Handler</name>
         <value>0x1553</value>
         <object_component_ref idref="oc-33"/>
      </symbol>
      <symbol id="sm-6d">
         <name>SVC_Handler</name>
         <value>0x1553</value>
         <object_component_ref idref="oc-33"/>
      </symbol>
      <symbol id="sm-6e">
         <name>PendSV_Handler</name>
         <value>0x1553</value>
         <object_component_ref idref="oc-33"/>
      </symbol>
      <symbol id="sm-6f">
         <name>GROUP0_IRQHandler</name>
         <value>0x1553</value>
         <object_component_ref idref="oc-33"/>
      </symbol>
      <symbol id="sm-70">
         <name>GROUP1_IRQHandler</name>
         <value>0x1553</value>
         <object_component_ref idref="oc-33"/>
      </symbol>
      <symbol id="sm-71">
         <name>TIMG8_IRQHandler</name>
         <value>0x1553</value>
         <object_component_ref idref="oc-33"/>
      </symbol>
      <symbol id="sm-72">
         <name>UART3_IRQHandler</name>
         <value>0x1553</value>
         <object_component_ref idref="oc-33"/>
      </symbol>
      <symbol id="sm-73">
         <name>ADC0_IRQHandler</name>
         <value>0x1553</value>
         <object_component_ref idref="oc-33"/>
      </symbol>
      <symbol id="sm-74">
         <name>ADC1_IRQHandler</name>
         <value>0x1553</value>
         <object_component_ref idref="oc-33"/>
      </symbol>
      <symbol id="sm-75">
         <name>CANFD0_IRQHandler</name>
         <value>0x1553</value>
         <object_component_ref idref="oc-33"/>
      </symbol>
      <symbol id="sm-76">
         <name>DAC0_IRQHandler</name>
         <value>0x1553</value>
         <object_component_ref idref="oc-33"/>
      </symbol>
      <symbol id="sm-77">
         <name>SPI0_IRQHandler</name>
         <value>0x1553</value>
         <object_component_ref idref="oc-33"/>
      </symbol>
      <symbol id="sm-78">
         <name>SPI1_IRQHandler</name>
         <value>0x1553</value>
         <object_component_ref idref="oc-33"/>
      </symbol>
      <symbol id="sm-79">
         <name>UART1_IRQHandler</name>
         <value>0x1553</value>
         <object_component_ref idref="oc-33"/>
      </symbol>
      <symbol id="sm-7a">
         <name>UART2_IRQHandler</name>
         <value>0x1553</value>
         <object_component_ref idref="oc-33"/>
      </symbol>
      <symbol id="sm-7b">
         <name>UART0_IRQHandler</name>
         <value>0x1553</value>
         <object_component_ref idref="oc-33"/>
      </symbol>
      <symbol id="sm-7c">
         <name>TIMG0_IRQHandler</name>
         <value>0x1553</value>
         <object_component_ref idref="oc-33"/>
      </symbol>
      <symbol id="sm-7d">
         <name>TIMG6_IRQHandler</name>
         <value>0x1553</value>
         <object_component_ref idref="oc-33"/>
      </symbol>
      <symbol id="sm-7e">
         <name>TIMA0_IRQHandler</name>
         <value>0x1553</value>
         <object_component_ref idref="oc-33"/>
      </symbol>
      <symbol id="sm-7f">
         <name>TIMA1_IRQHandler</name>
         <value>0x1553</value>
         <object_component_ref idref="oc-33"/>
      </symbol>
      <symbol id="sm-80">
         <name>TIMG7_IRQHandler</name>
         <value>0x1553</value>
         <object_component_ref idref="oc-33"/>
      </symbol>
      <symbol id="sm-81">
         <name>TIMG12_IRQHandler</name>
         <value>0x1553</value>
         <object_component_ref idref="oc-33"/>
      </symbol>
      <symbol id="sm-82">
         <name>I2C0_IRQHandler</name>
         <value>0x1553</value>
         <object_component_ref idref="oc-33"/>
      </symbol>
      <symbol id="sm-83">
         <name>I2C1_IRQHandler</name>
         <value>0x1553</value>
         <object_component_ref idref="oc-33"/>
      </symbol>
      <symbol id="sm-84">
         <name>AES_IRQHandler</name>
         <value>0x1553</value>
         <object_component_ref idref="oc-33"/>
      </symbol>
      <symbol id="sm-85">
         <name>RTC_IRQHandler</name>
         <value>0x1553</value>
         <object_component_ref idref="oc-33"/>
      </symbol>
      <symbol id="sm-86">
         <name>DMA_IRQHandler</name>
         <value>0x1553</value>
         <object_component_ref idref="oc-33"/>
      </symbol>
      <symbol id="sm-94">
         <name>delay_ms</name>
         <value>0x172d</value>
         <object_component_ref idref="oc-bd"/>
      </symbol>
      <symbol id="sm-95">
         <name>SysTick_Handler</name>
         <value>0x18c1</value>
         <object_component_ref idref="oc-34"/>
      </symbol>
      <symbol id="sm-96">
         <name>delay_times</name>
         <value>0x20200000</value>
         <object_component_ref idref="oc-5b"/>
      </symbol>
      <symbol id="sm-b0">
         <name>OLED_Init</name>
         <value>0xc1</value>
         <object_component_ref idref="oc-89"/>
      </symbol>
      <symbol id="sm-b1">
         <name>OLED_SetPos</name>
         <value>0x1349</value>
         <object_component_ref idref="oc-c7"/>
      </symbol>
      <symbol id="sm-b2">
         <name>OLED_Fill</name>
         <value>0x10ed</value>
         <object_component_ref idref="oc-8f"/>
      </symbol>
      <symbol id="sm-b3">
         <name>OLED_ShowStr</name>
         <value>0xcb9</value>
         <object_component_ref idref="oc-90"/>
      </symbol>
      <symbol id="sm-b4">
         <name>F8X16</name>
         <value>0x1908</value>
         <object_component_ref idref="oc-c8"/>
      </symbol>
      <symbol id="sm-b5">
         <name>F6x8</name>
         <value>0x1ef8</value>
         <object_component_ref idref="oc-c9"/>
      </symbol>
      <symbol id="sm-b6">
         <name>__TI_ATRegion0_src_addr</name>
         <value>0x0</value>
      </symbol>
      <symbol id="sm-b7">
         <name>__TI_ATRegion0_trg_addr</name>
         <value>0x0</value>
      </symbol>
      <symbol id="sm-b8">
         <name>__TI_ATRegion0_region_sz</name>
         <value>0x0</value>
      </symbol>
      <symbol id="sm-b9">
         <name>__TI_ATRegion1_src_addr</name>
         <value>0x0</value>
      </symbol>
      <symbol id="sm-ba">
         <name>__TI_ATRegion1_trg_addr</name>
         <value>0x0</value>
      </symbol>
      <symbol id="sm-bb">
         <name>__TI_ATRegion1_region_sz</name>
         <value>0x0</value>
      </symbol>
      <symbol id="sm-bc">
         <name>__TI_ATRegion2_src_addr</name>
         <value>0x0</value>
      </symbol>
      <symbol id="sm-bd">
         <name>__TI_ATRegion2_trg_addr</name>
         <value>0x0</value>
      </symbol>
      <symbol id="sm-be">
         <name>__TI_ATRegion2_region_sz</name>
         <value>0x0</value>
      </symbol>
      <symbol id="sm-c7">
         <name>DL_Common_delayCycles</name>
         <value>0x18e7</value>
         <object_component_ref idref="oc-d7"/>
      </symbol>
      <symbol id="sm-d6">
         <name>DL_I2C_setClockConfig</name>
         <value>0x1841</value>
         <object_component_ref idref="oc-db"/>
      </symbol>
      <symbol id="sm-d7">
         <name>DL_I2C_fillControllerTXFIFO</name>
         <value>0x1639</value>
         <object_component_ref idref="oc-be"/>
      </symbol>
      <symbol id="sm-d8">
         <name>DL_I2C_flushControllerTXFIFO</name>
         <value>0x176d</value>
         <object_component_ref idref="oc-c4"/>
      </symbol>
      <symbol id="sm-e3">
         <name>_c_int00_noargs</name>
         <value>0x1819</value>
         <object_component_ref idref="oc-54"/>
      </symbol>
      <symbol id="sm-e4">
         <name>__stack</name>
         <value>0x20207e00</value>
         <object_component_ref idref="oc-1a"/>
      </symbol>
      <symbol id="sm-f0">
         <name>__TI_auto_init_nobinit_nopinit</name>
         <value>0x17a9</value>
         <object_component_ref idref="oc-9c"/>
      </symbol>
      <symbol id="sm-f8">
         <name>_system_pre_init</name>
         <value>0x18fd</value>
         <object_component_ref idref="oc-68"/>
      </symbol>
      <symbol id="sm-103">
         <name>__TI_decompress_none</name>
         <value>0x18d5</value>
         <object_component_ref idref="oc-20"/>
      </symbol>
      <symbol id="sm-10e">
         <name>__TI_decompress_lzss</name>
         <value>0x1555</value>
         <object_component_ref idref="oc-1c"/>
      </symbol>
      <symbol id="sm-118">
         <name>abort</name>
         <value>0x1901</value>
         <object_component_ref idref="oc-95"/>
      </symbol>
      <symbol id="sm-119">
         <name>C$$EXIT</name>
         <value>0x1900</value>
         <object_component_ref idref="oc-95"/>
      </symbol>
      <symbol id="sm-121">
         <name>__aeabi_memcpy</name>
         <value>0x18f1</value>
         <object_component_ref idref="oc-44"/>
      </symbol>
      <symbol id="sm-122">
         <name>__aeabi_memcpy4</name>
         <value>0x18f1</value>
         <object_component_ref idref="oc-44"/>
      </symbol>
      <symbol id="sm-123">
         <name>__aeabi_memcpy8</name>
         <value>0x18f1</value>
         <object_component_ref idref="oc-44"/>
      </symbol>
      <symbol id="sm-13c">
         <name>memcpy</name>
         <value>0x14b9</value>
         <object_component_ref idref="oc-7f"/>
      </symbol>
      <symbol id="sm-13d">
         <name>__TI_static_base__</name>
         <value>0x0</value>
      </symbol>
      <symbol id="sm-140">
         <name>__mpu_init</name>
         <value>0x0</value>
      </symbol>
      <symbol id="sm-141">
         <name>_system_post_cinit</name>
         <value>0x0</value>
      </symbol>
   </symbol_table>
   <title>Link successful</title>
</link_info>
